{"seq_len": [10, 50, 100], "time_without_cache": [0.03116893768310547, 0.04465397198994955, 0.03859814008076986], "time_with_cache": [0.020832141240437824, 0.0207366148630778, 0.023004929224650066]}